fname,lname,byear,bmonth,bday,weight
Francisco,Maggard,2009,3,13,38.9
Mildred,Rizvi,2017,10,15,23.6
William,Lavender,2016,3,1,23.2
Evelyn,Washington,2018,11,4,20.1
Theo,Atkinson,2002,12,11,74.0
Ella,Martinez,2002,8,13,61.7
Bryce,Dunlap,2004,1,24,59.8
David,Rutland,1991,5,22,49.5
Levi,Sproull,1983,4,13,53.9
Edwin,Lovingood,2014,11,21,27.4
Eugene,Gibbons,1968,9,13,66.2
John,Riddle,2017,12,21,20.8
Laura,Guerrero,1963,10,20,63.1
Andrew,Patterson,1980,5,1,62.7
Darryl,Wilkerson,1991,9,1,62.1
Debra,Hayes,2013,1,24,28.6
Michael,Stohler,1963,7,22,49.0
Amanda,Hernandez,1950,8,27,44.3
Winnie,Adkins,2009,12,22,36.3
Matthew,Phillips,1951,7,23,68.5
Aaron,Green,1966,12,13,75.7
Amanda,Gillies,1975,4,2,78.6
James,Cannon,2005,10,8,83.2
Alfred,Hoover,1994,4,20,73.1
Kathy,Tim,1986,3,11,66.8
Randy,Zhao,2008,10,28,57.5
Richard,Delia,2011,4,3,32.5
Franklin,Thomas,2009,11,4,36.7
Emily,Willard,1967,7,16,63.0
Will,Westmark,2020,12,25,14.3
Josephine,Schnitker,2002,6,28,70.2
Ryann,Murray,1971,12,31,69.4
Brenda,Payton,2007,7,11,61.2
Scot,Clayton,1990,4,2,53.8
Paula,Tucker,1996,2,18,65.2
Sharon,Drage,2012,9,3,33.6
Leslie,Stafford,1997,8,11,57.9
Linda,Fernandez,1981,7,16,65.7
Britney,Chadwick,1955,2,10,67.7
Norma,Bingham,2002,7,11,58.2
Willard,Mcclain,1976,9,23,54.0
Paula,Veltman,1977,4,18,58.6
John,Gilfillan,2002,5,13,64.1
Mellissa,Sinclair,2016,9,17,24.4
Eva,Keske,1988,1,10,73.1
Irene,Hutchinson,1981,8,21,47.0
Suzanne,Cool,2013,2,2,31.4
Carol,Acosta,1983,3,21,60.0
Ruth,Dougherty,1958,11,21,70.9
John,Horton,1985,8,12,51.0
Audry,Blackman,2013,9,6,30.4
Patricia,Zellmer,1982,12,26,55.2
Jerrell,Goers,2018,10,4,19.5
George,Beverly,2014,11,12,29.4
Susan,Walsh,1996,2,6,72.5
Ricarda,Forman,1986,11,24,63.2
Annamae,Wells,2015,4,2,26.2
Guadalupe,Wolfe,1998,3,15,64.4
Larry,Edwards,1995,7,3,52.6
Billie,Schmidt,2010,3,4,35.3
Peggy,Siple,1999,1,24,57.5
Delores,Andrews,1950,12,13,70.7
William,Milazzo,2008,9,7,66.6
Michael,Pollitt,1983,10,19,57.9
Linda,Savory,1961,6,5,66.9
Daisy,Scelzo,1996,11,5,56.7
Maria,Burns,1977,4,13,41.3
Wallace,Bronson,1997,12,16,57.7
Ruth,Walton,2003,5,7,52.0
Lynn,Kazmierczak,1974,3,19,70.6
Dorothy,Roberts,2004,3,13,61.3
Nathan,Law,2005,1,28,67.1
Sara,Blair,1964,4,4,56.0
Mirella,Simon,1992,10,30,78.6
Robert,Monfort,1954,9,4,64.5
Robert,Delperdang,2014,11,12,28.4
Pauline,Hatch,2013,10,17,31.2
Cleo,Bryan,1957,3,2,46.3
Bobby,Barnes,2016,9,23,24.1
James,Kahle,1990,6,28,55.8
Jennifer,Goldfarb,1987,4,11,74.3
Paula,Oleary,1965,2,24,71.8
Renita,Jackson,2016,10,3,25.8
Dennis,Bergeron,1960,12,5,56.6
Victoria,Wade,1979,8,19,54.6
James,Gustafson,1955,5,17,74.7
Mary,Wilenkin,2020,4,1,15.8
Julia,Osborne,1985,5,22,39.5
Timothy,Walker,2009,12,4,39.8
Wendell,Serna,1965,7,26,61.1
Jesse,Kleck,1969,9,27,54.9
Sona,Muniz,1981,12,26,56.4
Mary,Shoemaker,1971,12,28,58.7
Velma,Griffin,1992,4,4,59.5
Daniel,Knepp,1950,9,27,69.9
William,Clark,2008,5,27,70.8
Imogene,Deisher,2015,11,23,26.1
Jason,Laue,1971,4,29,44.8
Joan,Ramsey,1951,1,31,65.1
Cindy,Spencer,2005,3,13,52.0
Tracey,Strader,2004,9,8,51.2
Shirley,Quirk,1968,3,18,72.6
Norberto,Hunderlach,2012,8,30,31.7
Joe,Troyer,2004,11,16,70.7
Lisa,Hanson,1958,12,5,61.9
David,Lopez,1958,2,9,62.4
Wanda,Willis,1996,6,16,65.5
Gloria,Sawyer,2000,7,14,59.0
Richard,Chrisman,1971,12,22,72.9
Megan,Edwards,2018,9,26,19.5
Joseph,Lingerfelt,2020,5,31,16.9
Roderick,Harari,1980,11,30,81.4
Tomiko,Chapman,1977,8,19,64.6
Charlene,Sears,1982,3,18,59.8
Roger,Fillmore,1952,6,1,51.0
Nancy,Lowe,2005,5,30,51.8
Susan,Oliver,1986,8,26,73.1
Diane,Clark,1985,2,19,65.7
Rosemary,Schauble,1994,12,11,64.0
Nellie,Phillips,1965,5,15,73.6
Edna,Knight,1997,3,8,65.2
Mary,Bonn,2019,4,2,18.2
Megan,Bowden,1991,8,11,70.0
Harry,Thurman,1975,3,29,81.4
Charles,Aceves,2014,11,1,28.9
Kerry,Vullo,1977,9,5,64.3
Elizabeth,Mellish,1966,8,26,65.1
Tish,Abbott,1978,7,12,47.0
Cindy,Romero,1982,10,17,37.8
Mariam,Santana,1960,2,24,62.7
Oleta,Fenster,1970,3,3,74.9
Rafael,Hughes,1995,3,30,50.3
Lydia,Tamayo,1971,7,13,48.1
Bonnie,Gischer,1959,1,7,60.3
Margaret,Adorno,1963,3,5,71.8
Kenneth,Hays,1968,9,3,74.3
Marlys,Lassiter,1951,6,25,70.8
Francisco,Mckeever,1994,12,12,67.7
Sharon,Harper,2018,6,15,18.3
Barbara,Harris,1963,11,5,53.3
Amy,Elias,2002,6,8,70.5
Susan,Siddiqui,1952,2,24,60.3
Josephine,Johnson,1961,10,5,51.2
Roosevelt,Bailey,2008,8,21,84.4
John,Smith,2009,9,23,37.3
Roger,Carrington,1966,9,25,62.6
Gladys,Bryant,1983,3,30,58.1
Jacqueline,Owens,2002,9,3,57.4
Robert,Obannon,1963,4,4,94.0
Debra,Lyons,1962,6,24,64.7
James,Spangler,2015,11,18,25.1
Susan,Young,1971,8,6,70.6
Paul,Mccoy,1995,8,22,72.6
Vera,Fisher,2006,5,14,64.1
Roberta,Marks,1966,12,18,67.3
Rose,Quisenberry,2004,12,9,64.8
Susan,Grantham,1962,11,9,59.0
Inez,Parker,1993,6,28,72.3
Laura,Moss,1971,5,5,72.5
Shauna,Baker,1978,11,2,45.6
Elizabeth,Diaz,1969,10,18,65.7
Christi,Monterroso,1977,10,27,55.8
Kenneth,Corral,1951,11,18,71.2
Cherry,Ybarra,1993,11,20,82.1
Maria,Byers,1969,9,22,65.3
Stephanie,Mccrary,1957,12,6,61.0
Laurie,Kjellman,1978,9,3,53.5
Debbie,Mathis,1963,4,9,52.3
Flora,Vargas,1962,8,13,57.7
Benjamin,Floto,2002,4,2,75.1
Cynthia,Steele,1988,2,20,53.7
Douglas,Martinez,1992,4,5,67.1
Arlene,Giron,2002,4,20,53.3
Kathy,Lopez,2016,12,14,24.6
Tawanna,Mosier,1992,7,3,60.2
Kevin,Kendall,1984,2,21,52.4
Irene,Jordan,2018,3,26,21.8
Robbie,Cruz,1963,1,15,56.9
Barbara,Turner,1996,3,16,55.8
Gregory,Young,2002,11,5,58.6
Ralph,Mccoun,2011,10,4,34.8
Mitchell,Christain,1960,4,18,55.5
Beulah,Henderson,1998,3,31,68.4
Melissa,Gay,2009,2,11,39.8
Billie,Baker,2018,5,8,22.0
Priscilla,Doyle,1968,10,24,59.3
Linda,Harris,1978,8,5,64.4
William,Andujar,2004,9,16,46.2
Betty,Camacho,1959,8,20,72.4
Steven,Joseph,2017,1,13,23.5
Mary,Gregorio,1966,8,18,54.5
Cathy,Gifford,1955,6,7,53.4
Kimberly,Bradford,2002,10,6,53.8
Freida,Francois,1981,11,11,57.5
Lisa,Parker,1973,8,4,58.2
Duane,Ward,1961,4,27,62.4
Kathleen,Tucker,1971,7,3,65.1
Nellie,Pickelsimer,1960,10,22,69.8
Diane,Brewer,1997,4,30,65.4
Maria,Kaye,1967,10,8,53.9
Michelle,Cates,1995,4,3,73.0
William,Dudley,1996,7,7,74.7
Clarence,Thayer,1978,11,20,54.3
Mary,Swan,1954,2,22,65.0
Christine,Bottoms,1972,12,27,51.2
Rita,Bustamante,1992,10,25,54.7
April,Jackson,2018,11,30,21.5
Viola,Muller,2014,6,25,29.8
Harry,Valdovinos,1966,8,1,60.0
Jason,Hogan,1954,3,17,43.6
Romaine,Kautz,2007,3,17,63.1
Donna,Daniels,2014,3,10,28.9
Stan,Heitzman,1952,1,23,64.2
Olive,Cantrell,2013,5,10,30.2
Brett,Birchfield,1968,12,6,53.2
Walter,Urbanek,2014,5,31,28.9
Elizabeth,Ayala,1968,11,14,75.9
William,Zappa,1976,1,16,57.5
Suzanne,Dumar,1974,3,8,48.7
Cynthia,Stella,1972,9,7,75.2
Mike,Gonzalez,1973,12,8,67.1
Randy,Holden,2018,2,9,20.9
Donna,Brown,1999,3,18,64.2
Tommy,Villarreal,1991,1,30,51.6
Floyd,Alvarado,1955,11,17,65.4
Evelyn,Yazzie,1981,1,15,42.3
Kelley,Weiss,1970,10,5,56.9
John,Brown,1984,8,8,59.5
Jerry,Jenney,2001,12,12,66.3
Patricia,Bartlett,1978,1,27,54.0
Sophia,Butler,1978,8,28,53.4
Esther,Maskell,2004,11,16,53.8
Joshua,Copeland,1998,9,4,62.2
John,Liverman,1958,8,19,68.3
William,Mackey,1976,8,10,66.0
Christina,Ruzich,1973,2,28,79.0
Kenneth,Stidham,1966,10,6,52.8
Michael,Zigler,1992,3,13,70.1
Steve,Moore,1985,7,16,56.9
Helen,Salisbury,2000,1,27,68.9
Thomas,Numbers,1955,3,26,53.9
Steven,Rivera,2011,1,11,33.3
Matthew,Melo,1960,1,19,88.4
Mark,Eldridge,1978,8,30,55.0
Joseph,Luna,1960,4,10,53.6
Fran,Machen,1979,12,25,55.8
Sonja,Stockburger,1993,9,1,55.9
Mary,Souther,1975,6,15,59.0
Amy,Costain,1953,12,17,88.3
Liliana,Griffith,2011,11,3,34.2
Lillie,White,2012,5,30,32.8
Josephine,Mellas,2006,7,10,79.3
Jason,Everett,2009,4,3,39.5
Maurice,Pomeranz,1956,10,16,59.5
Daniel,Mills,1976,2,15,67.3
Santos,Hurlburt,1973,6,9,49.3
Myrtle,Smith,1982,8,18,63.4
Whitney,Muise,1994,12,8,71.8
Leanna,Bluma,1950,6,19,63.3
Charles,Sellers,1957,6,8,50.1
Karen,Williams,1960,3,14,58.3
Lauren,Culpepper,1960,8,31,80.9
Shannon,Leary,1956,11,20,75.6
Lewis,Brewer,2018,9,10,21.6
Frieda,Pares,1994,4,20,63.0
Jeffrey,Kearney,1983,11,8,86.1
Stefanie,Castle,2017,9,10,21.4
Cindy,Ehmann,2000,4,3,61.3
Gregory,Filkins,1963,12,12,61.2
Tyler,York,1996,6,21,74.7
Randall,Clawson,2006,12,25,67.2
Rosalie,Garner,2017,9,16,22.0
Carlos,Aucoin,1977,10,21,71.8
Shari,Lemmo,2010,2,12,34.2
Fran,Payne,1967,5,28,63.1
Harold,Combs,1974,8,14,75.1
Jack,Mcleod,1968,10,5,39.9
Edith,Wells,1964,12,10,73.3
James,Bastian,2009,5,12,38.0
Joshua,Martin,2011,2,3,32.1
Michael,Hampton,1980,8,13,81.8
Charles,Green,1951,7,10,57.7
Shane,Murray,1960,5,8,76.5
Chad,Perdue,1995,5,4,49.6
Robert,Cruz,1978,12,10,80.3
Danny,Harold,1957,7,25,78.3
Vanessa,Sanon,1961,8,27,64.5
Wendy,Rogers,1997,7,30,58.7
Tammy,Yates,2014,7,25,28.6
Brian,Kelley,2011,2,26,32.6
Frances,Greenberg,1989,7,2,60.5
Peter,Wingate,1950,2,19,67.2
Jonathan,Hill,1997,2,21,24.8
Rebecca,Compton,1997,6,15,55.6
Karen,Berg,2017,12,13,22.6
John,Meyer,1956,11,23,63.4
Steve,Lee,1963,11,1,70.7
Richard,Stamps,2010,10,28,34.0
Justin,Wargo,1991,10,16,64.7
Enrique,Burton,2006,2,11,58.8
Augustine,Henle,2003,1,24,52.5
Gordon,Henley,2015,4,23,24.6
Matilda,Lindsay,2003,10,22,56.7
Charles,Clausen,1998,8,11,45.7
Dolores,Sorenson,2015,1,24,25.9
Karen,Seely,1955,4,8,73.9
Herbert,Justus,2002,1,11,58.0
Elizabeth,Freeman,1970,10,2,67.0
Edgar,Douglas,1954,8,15,53.9
Michael,Espinoza,1952,2,16,82.5
Belva,Lowe,1985,9,25,71.9
Earl,Gomez,1997,6,18,53.4
Nicholas,Giroux,1978,5,11,76.3
Lorraine,Wong,2019,8,11,18.4
Jay,Mizrahi,1955,6,26,37.8
Michael,Roy,2001,6,12,54.6
Michelle,Day,1966,10,5,59.0
Keith,Mills,2016,5,22,23.6
Lena,Armendariz,1999,9,20,60.4
Dorothy,Belknap,1973,11,14,68.3
Rodney,Moss,2018,5,2,19.5
Ralph,Singleton,1952,8,4,57.0
Randy,Gibson,1972,11,30,66.0
Matt,Perrette,1978,7,1,54.7
Kristina,Reyes,2007,8,11,57.8
William,Just,1968,6,6,51.8
Ronny,Archie,1974,12,18,65.6
Martin,Leonard,1957,10,18,49.3
Cara,Rogers,1981,3,4,60.1
Thomas,Ringel,1997,3,15,51.1
Bobby,Lacoss,2005,2,10,67.3
Leo,Vanhook,1955,1,15,62.3
Carmen,Taylor,1981,1,2,65.8
Janice,Parker,1978,2,1,77.7
Ken,Matthews,2014,5,12,27.4
Ralph,Germy,1954,1,23,71.0
Gene,Macaraeg,2005,11,23,51.6
Jonathon,Haight,1977,11,5,62.7
Phyllis,Chandler,1955,1,1,51.9
Roxanne,Reker,1979,1,1,69.8
Jose,Harris,1998,9,5,75.4
Sam,Howard,2001,8,13,79.6
Heather,Janousek,1966,4,29,55.8
Francisco,Morgan,1985,1,16,60.7
Robert,Nash,2012,5,11,30.8
Rufus,Velo,2009,9,8,37.8
Bobbie,Owens,2012,8,14,31.0
Charles,Murphy,1954,2,12,48.2
Penelope,Gurule,1992,6,22,66.6
Marlene,Pavlas,2009,7,27,39.8
Danielle,Timinsky,1994,5,24,77.0
Carol,Earls,1955,2,26,76.6
Wava,Sims,2013,10,18,29.2
Megan,Gore,2011,7,19,35.7
Michael,Coronado,1975,2,19,50.9
Kevin,Rodriquez,1986,7,23,67.1
Susan,Breen,1952,7,19,56.4
Craig,Jones,2003,1,26,73.0
Nancy,Granger,1992,1,18,46.5
Sergio,Gay,1977,7,4,46.0
Melissa,Heinemann,1964,1,18,63.6
Mary,Brune,1980,3,10,60.7
Charlotte,Bright,1950,12,6,74.4
Marilyn,Snyder,2015,5,26,24.8
Leslie,Hickman,1980,3,9,71.7
Patricia,Hart,1999,6,23,73.2
David,Sixon,1966,3,23,62.1
Richard,Williams,1999,2,24,74.4
Michael,Mckinley,1967,12,3,44.1
Christa,Davis,1969,5,29,43.2
Sallie,Vargas,1984,8,8,69.5
Erik,Estes,1963,12,22,64.4
Colette,Collins,1969,4,3,63.2
Shannon,Gonzales,1991,12,13,57.7
Joseph,Hainley,1965,12,12,44.4
Jill,Yuengling,2004,11,22,52.6
Michael,Ozuna,2004,4,10,65.5
Adam,Alvine,2000,6,10,78.4
James,Sonnier,1965,9,23,53.6
Lee,Creswell,1975,2,1,72.8
Dawn,Price,1962,11,13,55.3
Zachary,Pajerski,1961,12,14,60.8
Benjamin,Holliday,1962,8,14,68.4
Jane,Sanchez,1967,8,26,64.6
Susan,Paul,1981,11,16,51.3
Margaret,Scholler,1993,9,1,62.1
Eva,Knight,1987,6,19,60.9
Nicholas,Chausse,1950,1,25,61.3
Shirley,Moss,2020,10,29,15.7
Aimee,Shine,1961,8,11,51.5
Leora,Welsh,1995,5,5,56.7
Lynne,Garnand,1972,4,6,71.9
Noriko,Herman,1976,10,21,66.4
Eunice,Smith,1961,1,25,67.4
Christopher,Hanson,2004,2,18,40.2
Jason,Mottillo,1959,4,10,56.7
Steven,Blocker,1996,1,9,48.8
Marilyn,Berry,1958,8,2,65.7
Donald,Jameson,1988,3,24,68.6
Roger,Rodriguez,2002,2,12,53.0
Scott,Turchi,1980,4,16,49.9
Richard,Sumpter,2010,5,17,36.8
Clara,Sneeden,1975,5,3,70.5
Peter,Calendine,1976,3,3,56.1
Derek,Medina,1990,9,21,52.7
Sally,Burgoyne,1959,2,27,55.6
Edward,Lombardi,1952,8,13,84.5
Heidi,Bilyeu,1978,3,12,59.1
Debbie,Bryson,1987,9,6,67.1
Theresa,Ortega,1983,11,17,63.0
Brandon,Rider,2008,8,25,62.1
Mary,Graver,1975,5,25,80.4
Morgan,Garza,2017,11,9,23.8
Erica,Wolf,1976,2,26,65.3
Vincent,Miner,2010,6,20,37.0
Marshall,Rudio,1959,8,21,70.2
James,Shannon,2020,8,21,16.0
Dana,Mathews,2019,1,12,19.2
Michael,Wind,1954,12,6,56.0
Susan,Mueller,1999,3,7,59.3
Theodore,Wolf,2013,10,13,28.3
Robert,Short,1979,9,18,63.5
Carl,Umphrey,2004,11,22,44.4
Patricia,Jones,2018,5,7,21.4
Shirley,Walsh,1968,6,22,87.9
Robert,Wamsley,2002,12,28,60.3
Geraldine,Damour,2016,10,28,23.4
Tim,Morgan,1988,12,13,58.2
Salvador,Rubio,1982,8,19,55.6
Bertha,Rosas,1994,6,3,64.5
Lorraine,Kilgore,1956,9,10,65.4
David,Montano,1977,6,8,55.9
Melanie,Griffin,1988,11,17,46.0
Janette,Bradley,2019,8,1,19.7
Debra,Gibbons,1950,2,17,61.0
Monica,Wiley,2006,2,23,66.0
Heidi,Villanueva,1993,7,10,62.5
Albert,Parmer,1968,9,22,60.5
Michael,Findley,1953,3,13,48.2
Lazaro,Dammen,1966,10,3,55.2
James,Brandon,1958,3,18,59.3
Michele,Saenphimmacha,1957,5,13,50.4
Larry,Barbour,1982,2,23,71.5
Tina,Wharton,1968,4,18,79.8
Marguerite,Wines,1960,1,11,54.0
Christopher,Nedd,1997,5,26,62.9
Ida,Sjolander,1965,6,12,59.8
Kathleen,Richards,1965,3,11,41.1
Charlotte,Wright,1977,4,27,67.9
Krystal,Hall,2015,5,15,25.7
Gloria,Howard,1964,3,30,73.3
Lisa,Pennington,2016,4,22,25.5
Abby,Stones,2013,5,7,30.4
Arlene,Mckenzie,2009,1,16,37.5
Jeffery,Corcoran,1960,5,14,54.1
James,Olson,2012,1,16,32.4
Florence,Bell,2007,12,13,69.2
Wayne,Barnes,1978,5,10,66.9
Latoya,Bright,1969,5,6,66.9
Andrea,Lucero,2013,11,22,31.4
Lisa,Auiles,1989,8,25,71.0
Jose,Nunlee,2020,5,27,14.5
James,Smock,1982,12,30,60.9
Greg,Medford,1978,8,6,69.4
Walter,Palmer,1990,1,22,59.2
Lucy,Movius,1953,2,8,55.9
Jonathan,Barth,1953,4,11,48.8
Theresa,Adams,1969,3,24,66.6
Shawn,Moore,1990,5,11,65.3
Quincy,Nase,1958,5,21,48.0
Mabel,Boucher,1957,7,2,67.7
Kimberly,Meldahl,2020,4,6,15.1
Elizebeth,Fry,2009,11,7,39.7
Jose,Hunt,1951,11,9,54.2
Wayne,Estrada,1992,9,3,63.8
Cynthia,Finlay,1985,11,2,61.5
Ben,Turner,1982,4,11,60.6
Angela,Tinney,2000,10,22,57.0
Barbara,Rarden,1950,10,17,77.0
David,Peterson,2004,5,13,64.8
Jesse,Stobb,1970,3,13,64.8
Geoffrey,Rivera,1984,7,28,62.2
Carina,Diaz,2012,3,24,33.1
Van,Davis,2005,6,2,63.5
Martin,Watt,1965,9,3,53.3
Sara,Parker,1987,2,10,70.7
Mary,White,2019,2,10,18.1
Lawrence,Dean,1969,3,5,61.4
Anne,Hufft,2006,3,17,65.5
Gilberto,Erling,1981,11,24,70.2
Debra,Hardee,1985,11,8,59.6
Joseph,Wyatt,1972,1,14,82.7
Marylou,Roach,1965,6,10,62.1
Robert,Flink,1977,1,14,59.7
Robert,Hamilton,1970,7,7,55.1
Jo,Guzman,1955,10,23,59.5
Rod,Roundtree,1996,5,6,59.1
Fred,Garcia,2018,11,6,20.3
Emma,Jenkins,1976,10,26,47.2
Darlene,Tapia,2013,10,16,31.3
Amber,Osborne,1985,10,10,57.9
Holly,Lentz,2001,10,4,68.2
Edith,Cano,2013,3,26,28.4
Maren,Landry,1971,4,29,71.3
Joseph,Page,2007,6,15,74.3
Mark,Young,1976,7,26,57.0
Kathleen,Sproull,1950,4,17,53.4
Wilson,Mccray,1981,4,29,68.7
Natasha,Smith,1970,1,30,43.0
Carl,Cox,2020,1,21,14.8
Carmen,Bush,2018,12,22,21.7
Susan,Calhoun,2016,11,9,24.2
Gerald,Smith,1951,7,13,73.2
Catherine,Yon,1952,5,7,65.9
Christopher,Barbee,1997,2,15,59.4
Mary,Jones,1983,12,19,59.5
Patrick,Ferry,1965,5,2,63.7
Willie,Mcdowell,1961,8,26,50.0
Jerry,Sarnicola,2016,7,28,25.6
Amanda,Bostian,1995,7,3,46.8
Christopher,Pauley,2010,5,19,34.8
Robert,Recker,1951,8,20,66.5
Leslie,Diego,2017,10,30,23.4
Charles,Riddick,1970,2,14,82.8
Patrick,Shick,2002,10,5,47.3
Ann,Oxendine,2015,9,5,24.7
John,Platt,1961,4,15,53.9
Loretta,Hotton,1973,1,18,58.2
Georgia,Cornejo,1955,8,11,69.9
Wendy,Adams,1972,12,29,47.9
Robert,Warren,2018,1,18,20.8
Gail,Foss,1969,1,17,60.8
Joyce,Lanasa,1978,8,9,49.6
Steven,Maldonado,1994,5,7,47.7
Dorothea,Springer,1980,10,8,70.1
Arline,Escutia,1953,9,12,66.8
Ervin,Novak,1962,2,1,61.9
Jack,Rodriguez,1955,4,23,46.4
Christopher,Upshaw,2015,9,16,27.9
Jason,Mcdougall,1963,12,8,75.3
Valerie,Hanlon,2014,1,24,28.2
Ricky,Francis,1960,11,3,63.3
Lena,Sikes,2002,7,20,46.7
Gena,Rice,2016,2,10,23.1
Christian,Cole,1979,4,28,70.2
Julie,Eddie,1982,5,13,82.3
Alan,Hollowell,1961,6,26,52.7
Ward,Botha,1959,2,15,51.5
Dana,Thomas,1954,11,13,72.6
Clara,Guidry,1993,11,11,59.7
Ashley,Mason,2003,11,8,49.4
Jane,Fennessey,1968,12,14,57.9
William,Wade,1989,6,26,69.5
Donald,Kopecky,2008,7,6,66.0
Deborah,Emanuel,2011,1,11,34.2
Margaret,Leet,1967,12,24,69.9
Jennie,Mathews,1961,2,2,76.1
Robert,Zellers,2018,4,1,19.7
Tanya,Holbrook,2014,12,27,29.2
William,Wright,1998,3,19,60.2
Michael,Kuter,1964,3,12,63.5
Earl,Cummings,1964,6,18,59.3
Megan,Michael,2020,2,5,16.5
Elijah,Modglin,2011,7,24,34.2
Charles,Bell,1992,12,8,60.1
Jackie,Garcia,1981,3,6,61.2
Samantha,Cook,1989,12,12,66.4
Sonia,Swink,1983,12,20,78.7
Kim,Mcnally,2001,9,18,91.4
Christine,Mendoza,2012,2,17,31.5
Freddie,Owen,2009,5,28,39.5
Richard,Felton,1987,3,22,56.1
Nicholas,Dawson,2004,5,25,64.6
Robyn,Nelson,2015,9,9,24.4
Norma,Gonser,2015,3,6,26.9
Shirley,Hart,1967,11,5,53.0
Lawrence,Vargas,1974,7,11,64.6
Alex,Bloxham,1958,8,21,73.9
Michael,Wold,2014,2,23,26.8
Amanda,Shull,1957,10,28,54.6
David,Fults,1976,11,30,63.6
Anna,Doxey,1964,7,28,58.8
Walter,Lair,1952,5,31,52.8
Mack,Martin,2019,6,13,17.1
Lawrence,Graham,2011,9,30,33.7
Marlene,Klopfer,1965,7,5,70.2
Scott,Dickinson,1991,3,2,55.6
Dana,Martinez,2002,8,21,62.9
Barry,Acevedo,1963,8,1,68.9
Troy,Hurtado,1996,9,22,53.1
Terresa,Cacciatori,2019,4,13,17.0
Dale,Jernigan,1969,8,28,58.8
Ryan,Daniels,1963,10,23,44.6
James,Donovan,1992,12,3,67.0
Deborah,Iverson,1952,12,10,57.2
Alfred,Standish,1984,12,11,65.9
Thomas,Harding,1967,11,25,61.1
Edith,Snyder,1981,12,9,73.5
Annie,Kenney,2018,4,12,20.4
Rose,Tobar,1987,12,26,69.9
Mary,Thoms,1989,7,21,70.8
James,Tracy,2003,8,14,55.7
Erica,Pyatt,1996,9,6,61.8
Madeline,Smith,1992,3,14,61.8
Joshua,Parris,1995,9,10,67.1
Esperanza,Burgess,1994,7,9,90.0
Juan,Hatcher,2013,7,18,29.9
Lazaro,Kelley,1975,4,26,69.3
Daniel,Ford,1952,11,19,55.7
Terri,Kaiser,1991,7,1,50.8
Sean,Russo,1995,3,18,65.9
Edward,Martin,2015,4,11,27.9
Patricia,Blaisdell,1965,9,15,54.8
Robert,Schupp,1954,12,20,52.0
Louise,Sanchez,1982,6,27,51.3
Lela,Braxton,1978,6,25,66.9
Ronald,Brown,2014,10,9,26.9
Brent,Petty,1974,5,23,63.7
Anastasia,Woodley,1978,3,9,59.2
Allan,Terrell,2006,10,2,71.4
Doris,Baker,2004,11,20,61.3
Michelle,Ashley,1976,5,29,75.6
Ashley,Kloeck,1988,8,23,56.6
Helen,Zatorski,1988,2,2,63.1
Teresa,Bean,1982,1,25,73.3
Sandra,Morse,1969,8,14,68.3
Richard,Demetro,1993,12,5,74.3
Marsha,Stone,1981,11,17,49.8
Allen,Fennessey,2008,7,3,52.5
Charles,Settles,1990,11,25,72.2
Anthony,Allen,1969,4,27,68.9
Jane,Davis,1968,1,23,44.1
Lester,Gomez,1985,11,19,43.1
Bryant,Morales,1972,12,15,61.9
Anne,White,1968,6,22,48.4
Sabrina,Schilk,1979,4,2,69.4
Lula,Morrison,1968,12,5,58.6
Agripina,Geiger,2012,8,18,33.0
Guadalupe,Cohen,1997,4,20,61.7
Peter,Hickey,1979,10,31,62.6
Kevin,Marks,1992,8,9,69.6
Douglas,Hamilton,1951,1,13,50.0
Elizabeth,Aguilar,2008,7,6,63.9
Erika,Cantrell,1967,9,20,69.4
Daniel,Evans,1961,7,7,71.3
Nestor,Wells,2005,1,6,58.8
Antonia,Chase,1957,8,23,78.5
Ryan,Mercuri,1990,10,13,69.0
Juan,Shelton,2017,1,29,21.7
Jeanetta,Cuccia,1955,7,4,72.4
Phoebe,Hagy,1992,1,9,49.0
Ann,Miranda,1951,5,8,77.1
Mildred,Mcalpine,2003,12,22,66.4
Helen,Tam,1984,3,8,55.1
Barbara,Cruz,1975,7,12,46.5
Lena,Martin,1957,4,23,84.5
Walter,Mueller,1964,1,23,37.5
Shane,Frakes,1950,2,13,85.1
Terrence,Tarasuik,2014,4,8,29.4
Sandra,Perry,1974,6,20,65.3
Sarah,Hartfield,2002,8,19,47.1
Rebecca,Thomason,2011,10,7,34.8
Mckinley,Moeller,1988,10,12,49.9
Ernest,Pierce,2017,2,3,21.1
Sandra,Alejandre,1983,8,2,64.2
Howard,Taylor,1968,8,28,62.9
Barbara,Baumler,2014,12,31,28.2
Frances,Sievers,2012,5,25,33.4
Donald,Koop,1961,12,14,50.9
Gerald,Howard,1954,3,29,52.9
Elizabeth,Mceuen,2003,10,10,63.1
Sarah,Mentgen,1973,12,29,57.0
Barry,Hancock,1958,2,25,50.5
Steven,Richard,1954,8,15,72.3
Mark,Spiegel,1981,5,28,52.5
Ronald,Resendiz,1965,3,30,73.2
Deborah,Corrado,1965,12,16,48.5
Ralph,Bredesen,1993,3,16,69.4
Ruth,Faulkner,1997,11,14,62.2
Kenneth,Keffer,2006,8,22,71.2
Tyrone,Crosby,1980,12,27,49.9
Betty,Reed,1988,5,25,53.4
Janet,Lumpkin,2019,1,25,18.4
Lola,Goodman,1952,5,6,57.5
Maria,Albright,1992,1,4,50.5
Tommy,Davis,1967,11,2,52.1
Gregory,Judge,1960,8,19,66.5
Willie,Gonzalez,1981,2,10,65.5
Peggy,Holtrop,1980,8,15,69.2
Paul,Garrison,1985,8,7,59.2
Raymond,Graham,2008,12,30,55.6
James,Stark,1953,11,21,78.2
Manuel,Estrada,1960,6,11,58.9
Brian,Demme,2000,6,27,62.3
Christy,Saunders,1990,4,11,44.4
Charlie,Hagerman,2020,3,14,15.4
Kareem,Nam,2010,10,20,35.1
Zachary,Jones,1995,7,18,66.5
Mary,Bean,1997,10,31,57.2
Barbara,Schroer,1977,10,9,58.5
Rose,Tilley,2008,9,28,42.2
Ashley,Cisneros,2017,4,18,22.2
Daniel,Gainey,1976,6,12,63.4
Glenn,Springer,2000,5,23,60.9
Janice,Paradee,2000,7,29,69.5
Rick,Morgan,2008,4,13,62.0
Russell,Matheson,2006,4,19,81.9
Manuel,Slostad,1952,11,19,65.1
Michael,Cooper,1963,3,21,58.9
Mary,Mccleary,2008,11,24,59.3
Joseph,Roy,1979,11,5,60.4
Deborah,Heling,1968,5,1,73.5
Richard,Shelton,2014,2,26,28.8
William,Payson,2014,8,16,28.4
Janet,Campbell,2002,8,21,62.2
Kathy,Coston,1982,11,17,70.4
Joseph,Pater,2000,11,24,55.7
Robert,Fox,1976,4,12,93.0
Alma,Buckley,1996,8,7,53.4
Debbie,Cox,1998,7,25,56.6
Benjamin,Clark,2002,8,28,58.6
Judy,Jones,1986,10,30,71.0
Pat,Chambers,1962,11,12,62.1
Victor,Fogle,1974,6,8,73.9
Lisa,Crespo,2004,1,21,46.5
Dora,Davis,1957,1,6,63.3
Louise,Denney,2002,7,21,88.5
Elaine,Kercheval,1953,9,28,58.4
Carl,Gill,2011,7,8,35.9
Maria,Toyoshima,1976,7,1,59.5
Michael,Randel,1950,12,18,56.6
Nicole,Bolek,1953,8,19,61.4
Marie,Reinhard,1962,7,23,47.5
Jaime,Blevins,1993,4,26,66.5
Phillip,Powell,1985,3,15,62.1
James,Dandrea,1995,12,30,63.4
Violeta,Chase,1974,11,10,59.6
Darlene,Jessie,1979,11,20,75.2
Dwayne,Dennis,2011,4,11,32.1
Maurice,Ford,1970,1,12,66.9
John,Woodson,1998,8,3,55.6
Juan,Sanchez,1966,6,13,59.7
Debra,Johns,1967,6,28,54.0
Pauline,Renner,1997,7,30,77.9
Elizabeth,Brown,1965,9,3,45.6
Billie,Williams,2000,8,11,61.1
Gonzalo,Showers,2016,2,21,22.9
Molly,Thomas,1985,8,7,52.3
Dana,Lakey,1973,6,30,76.1
Christopher,Replogle,1983,9,25,52.8
William,Oliver,1959,3,13,51.3
Lisa,Marshall,1974,5,16,59.4
Fred,Uribe,1983,12,15,70.4
Lottie,Calabrese,1987,4,9,67.8
Jason,Casey,2002,3,28,70.5
Rodolfo,Albertson,1976,10,22,70.7
Violet,Mcculloch,1986,12,21,66.1
Robert,Cox,1989,2,18,58.0
Amy,Watson,1975,1,8,65.8
Sabrina,Hernandez,1961,3,5,72.5
Judith,Potter,1954,1,29,59.5
Lynn,Cheesman,1963,11,12,64.1
Fatima,Deems,1985,11,9,60.3
Wilbert,Dryden,1950,12,31,65.2
Francis,Andreas,2019,7,4,19.5
Kaye,Cauthen,1998,10,16,71.0
Sandra,Cornwell,2013,5,3,30.5
Richard,Hawkins,1950,1,17,69.7
Eva,Howard,1989,11,16,58.2
Marcus,Lastufka,1991,3,22,69.0
Drew,Rieves,1972,3,5,57.8
Kimberly,Cockerill,1965,10,2,54.8
James,Plantz,1991,10,23,88.2
Sherrie,Harris,1962,10,9,52.5
Thomas,Gill,1986,5,29,71.5
Randall,Davino,1991,9,23,57.3
Jasmine,Riccio,1970,10,13,67.9
Geraldine,Seager,1985,12,16,66.5
Luz,Stalker,1993,1,3,56.1
Henry,Allen,1988,2,27,72.8
Robert,Mcconnell,1985,4,14,49.6
Laquita,Riggs,2003,4,10,56.1
Linda,Close,1959,6,6,59.4
Judith,Schaupp,1992,12,25,53.2
Gregory,Sayre,2015,1,15,27.9
Brandon,Morris,2003,5,29,50.5
Darrell,Rosario,1997,2,17,87.6
Evelyn,Phillies,1999,3,23,65.1
Bertha,Motley,1997,3,12,57.2
Jacqueline,Blount,1956,11,29,65.1
Edith,Hale,1972,3,17,61.5
Susan,Quinn,2019,2,17,17.5
Sheila,Dean,2012,7,7,33.7
Katrina,Creekmore,1953,2,8,81.4
Rebecca,Cervantes,1970,9,13,68.3
Joan,Rison,1964,4,8,63.9
Stephanie,Elias,2009,2,6,38.8
Christopher,Pujol,1989,1,26,74.1
Jasper,Willis,1965,9,15,68.1
Nicholas,Cleary,1981,12,5,69.2
Kent,Ross,2020,1,12,17.7
Jeffrey,Wagner,1957,4,22,48.0
Robert,Mcguyer,1975,4,3,66.9
Robert,Fonville,2018,7,31,19.3
Jeffery,Ledesma,2020,6,29,15.4
Jimmy,Tucker,1966,8,26,61.0
Trisha,Kessler,2015,10,3,27.1
Lisa,Thornton,1988,4,16,75.3
Robert,Rivera,2000,12,8,68.2
Carrie,Reedy,1990,4,29,71.8
Elaine,Parsons,1995,5,18,50.1
Willie,Saulter,1988,5,31,60.2
Belinda,Schauman,1955,9,26,74.8
Martin,Keil,1986,3,3,58.1
Margaret,Fulton,1972,4,20,57.7
Edward,Bucklew,1981,9,29,85.8
Alexandra,Baker,1970,10,2,63.5
Luke,Robinson,1955,9,16,74.2
Linda,Doss,1994,10,16,53.5
William,Smith,2009,4,30,38.7
Willie,Burgos,2001,3,29,70.0
Anastacia,Glynn,1997,8,17,62.0
Hattie,Glover,1972,8,7,48.9
Robbie,Mead,1978,8,14,68.3
Wm,Lopez,2002,1,12,56.2
Susan,Cole,1975,10,14,48.0
Ruby,Henderson,1956,2,4,64.3
Shakita,Chappell,1957,4,28,67.9
Benjamin,Turner,1957,5,29,72.1
Frances,Wright,1974,1,13,60.3
Courtney,Payne,2002,4,24,51.6
Alesia,Hoyle,1963,12,30,57.7
Sherry,Wilson,1959,12,14,73.1
Susan,Nowell,1968,7,3,63.2
Jon,Logan,1973,11,3,65.2
John,Burns,2003,3,27,58.5
Matthew,Dash,1953,2,21,78.2
Mary,Burroughs,2019,4,8,19.1
Douglas,Troyer,1961,2,20,60.0
Charles,Chandler,1968,3,15,62.3
Frank,Young,1950,7,23,64.0
Leandra,Jenkins,1973,4,4,46.3
Laura,Krajcer,1998,12,6,57.6
Duane,Wilson,2001,1,23,62.8
Thelma,Bass,1964,2,10,59.8
Emmitt,Herauf,1975,2,19,68.0
Rebecca,Folks,1971,10,29,66.1
Tyron,Cole,2004,9,10,57.6
Jeanette,Johnston,1965,2,11,64.1
Sandra,Baldwin,1953,6,16,66.3
Loretta,Serbus,1954,6,17,49.8
Amanda,Mayer,1954,5,18,75.5
Linda,Stanhope,1993,6,27,79.3
William,Engelbrecht,1952,10,14,59.7
Carol,Sawyer,1967,3,22,87.7
Anthony,Rodriguez,1964,6,19,81.5
Bessie,Lewis,2015,2,12,26.0
Doris,Murray,2015,9,30,27.9
John,Buzis,1992,7,27,67.9
Carolyn,Speer,2000,1,9,61.0
Ryan,Register,2020,10,30,15.1
Jeffrey,Gill,1961,2,27,67.6
Clinton,Rosenstock,2003,5,21,64.7
Clara,Alexander,2015,7,4,27.3
Lori,Smith,1975,2,23,42.8
Diane,Briseno,1962,4,25,67.7
Tammy,Berri,1985,2,3,63.7
Brian,Narvaez,1999,4,17,45.4
Marlin,Shorter,1987,3,30,57.0
Millie,Williams,1999,1,24,54.7
Tina,Lawson,1997,1,2,43.1
Timothy,Franklin,1950,11,21,60.6
Anthony,Lobe,1991,2,23,67.1
Christopher,Davidson,1996,3,13,63.9
Andrew,Baltazar,1977,9,11,76.1
Brandon,Gard,2018,10,18,21.6
Alva,Freeman,2011,5,31,35.6
Henry,Herron,2019,6,30,18.0
Grace,Mcintyre,2016,8,29,24.0
Shawn,Davis,1950,1,16,59.8
Rae,Tan,2001,6,11,56.1
Effie,Reitmeier,1988,7,21,55.9
Gwendolyn,Andrews,1989,5,27,61.7
Robert,Hembree,1991,11,25,62.6
Sheila,Kirk,1963,9,29,54.8
Becky,Kidd,1980,10,23,71.5
Darlene,Delisle,1960,11,7,52.0
Cindy,Gillikin,1967,5,17,67.6
Philip,Barnett,1953,12,21,75.2
Bret,Boyles,1985,8,11,68.4
Rita,Parrish,1972,3,21,46.5
Elaine,Castaneda,1966,11,4,71.0
Doug,Perez,2006,10,29,82.8
Mose,Vancamp,1981,6,13,60.1
Joann,Goeppner,1986,11,16,61.5
Cora,Cochran,2008,8,30,73.7
Mary,Chase,1989,3,31,71.2
Mario,Park,1981,11,18,76.2
Daniel,Mccoy,2017,5,25,20.5
Anne,Rivas,2019,2,5,16.8
Jim,Lyon,1997,4,3,58.1
Michael,Reyes,2015,4,5,24.6
Robin,Sullivan,2020,9,17,15.3
John,Hebert,1987,3,30,70.8
Tiffany,Shingler,1961,8,16,76.7
Taryn,Gregg,1972,8,18,54.6
Alicia,Morgan,1966,11,4,74.9
Donald,Mann,1961,6,14,69.0
Anthony,Hightower,1983,8,3,72.9
Myrtle,Reyes,1978,5,3,54.5
Mae,Atkinson,2002,7,28,57.1
Gregory,Fuentes,2020,7,8,17.3
Thomas,Drumm,1958,11,7,62.6
Pete,Lauria,2007,12,31,73.3
Margaret,Bevens,1996,7,13,62.3
Pearline,Berthold,1969,9,12,61.9
Darren,Yurko,2000,10,4,60.5
Clara,Carroll,1965,2,6,57.7
Timothy,Duke,2013,2,9,28.2
Damien,Kester,1997,5,15,74.4
Jeremy,Caporiccio,1983,2,28,68.9
Douglas,White,1958,1,24,66.3
Barry,Wells,1991,10,17,54.6
Kathy,Spradlin,2019,12,30,18.1
Jose,Velez,1952,6,18,68.6
Stephanie,Taylor,2000,6,20,64.0
Nancy,Los,1956,2,13,71.7
Robert,Lander,1953,9,20,68.7
Pamela,Oliva,2018,7,2,21.1
Phillip,Alexander,2001,5,8,63.0
Myrtle,Morse,2015,11,23,27.2
Darlene,Allis,1983,4,21,83.3
David,Herrera,2007,4,27,62.0
Elizabeth,Chambers,1978,3,26,53.5
Yvonne,Ahern,1984,3,1,60.8
Terri,Gilman,1982,1,8,75.3
Russ,Lewis,2020,8,19,15.6
Lois,Hubbard,1996,8,26,40.6
Evelyn,Tavares,1963,12,21,57.4
Elizabeth,Smith,1991,11,16,55.9
Lois,Heredia,2003,5,21,54.7
Dawn,Bard,1983,5,16,55.2
Lisa,Sargent,2007,10,22,78.0
Walter,Stevenson,1969,5,10,58.6
Gloria,Faires,1983,4,18,69.9
Timothy,Padilla,1967,6,19,69.3
Debra,Sutton,1982,8,22,80.2
Minerva,Delacruz,1985,10,16,66.4
Carter,Roberts,2002,3,5,79.6
Gayla,Oneill,1963,9,4,61.4
William,Perkins,1963,6,29,67.4
David,Self,1983,5,11,78.8
Fernando,Banda,1998,6,23,72.8
Evelyn,Snowden,2015,3,20,27.3
Michael,Walker,1996,11,26,58.2
Charles,Amos,1985,4,14,74.7
John,Dunn,1950,10,11,69.0
Bryan,Bornstein,1962,6,25,76.9
Gary,Benoit,1974,10,25,74.3
Patricia,Freeman,2008,11,23,83.1
Paul,Lehrke,1994,10,25,65.1
Phyllis,Molina,1968,4,20,90.6
Steven,Gargus,1995,4,6,51.8
Brian,Hebner,1964,9,2,73.5
Jacqueline,Reid,1985,6,6,53.7
Rose,Jones,1997,6,22,40.3
Walter,Pace,1979,3,30,52.1
Melissa,Jackson,2017,6,21,21.7
Robert,Godfrey,1961,11,17,63.0
Madalene,Anderson,2012,1,3,30.1
Nakesha,Blankenship,2017,9,3,22.3
Dennis,Redmond,1980,9,8,68.2
Nelson,Mcneal,2015,3,2,26.2
Marlon,Tyler,2011,12,21,36.0
Everett,Cisneros,1962,3,20,66.8
Lisa,Loffler,1976,11,9,70.5
John,Hammack,2010,4,23,34.9
Edward,Schrandt,1989,1,2,60.8
Willie,Brauer,2013,12,28,29.3
Lorraine,Ochoa,1962,11,17,61.6
Rebecca,Kierzewski,1963,6,24,73.7
Teresa,Taylor,1966,6,25,36.5
Bruce,Wilhelm,1972,6,15,51.9
Clement,Hicks,1956,12,21,52.9
William,Foote,1982,2,21,49.3
Mary,Phillips,2006,1,10,58.5
Keith,Terry,1972,2,4,63.3
Freddie,Mosley,2014,7,15,27.3
Janet,Mckay,1996,6,17,49.6
Raymond,Allen,1980,5,26,82.8
Linda,Ibara,1994,4,16,63.2
Eric,Martindale,1982,1,20,66.5
Leslie,Schmitt,2000,1,26,53.9
Jonathan,Haggard,1989,10,29,60.4
Amber,Wagner,2005,4,10,84.6
Stanley,Coles,1996,5,26,67.6
Marcella,Vasquez,1966,6,19,76.3
Michael,Trollinger,1986,12,31,65.3
Thomas,Paine,1993,1,22,71.4
Kent,Turben,1991,9,17,68.7
Etta,Henson,1976,10,2,75.4
Ruby,Martinez,1984,10,24,67.5
Gilbert,Parrott,1975,4,7,70.5
Christy,Ochoa,1991,10,15,57.8
Edmund,Mercier,1988,7,6,78.8
John,Guetierrez,2016,10,5,24.7
Clinton,Garcia,2008,5,5,62.4
Ethel,Lindenpitz,1999,11,27,51.5
Pamela,Lucky,2007,10,26,68.4
Cheryl,Schueller,1996,4,12,55.2
Joyce,Roberts,2013,10,6,29.9
Mark,Prezzia,1999,12,20,65.9
Enrique,Sanchez,1951,4,7,60.4
Wilbur,Burgess,1972,10,1,54.9
James,Babcock,1992,8,2,68.8
Gail,Johnson,1953,7,11,67.4
Charles,Millerbernd,2003,1,8,52.6
Melody,Spencer,1990,10,30,74.2
Joe,Loftis,2004,6,7,53.7
Larry,Williams,1985,5,6,64.5
Robert,Diaz,2013,5,26,30.4
David,Aldred,1998,2,16,65.6
Eric,Young,1953,4,11,57.6
Rowena,Marshall,1956,3,31,53.2
Sung,Mcgee,1979,3,23,69.5
Joe,Huffman,1980,3,21,79.8
Keith,Vest,1972,11,12,70.1
Leona,Browne,2013,2,13,29.6
Rita,Lee,1955,3,19,61.4
Pedro,Lawler,1973,5,19,33.2
Mario,Brown,1960,3,25,61.7
Howard,Mitchell,1966,11,27,41.2
Tina,Everett,1967,7,27,53.3
Karen,Curry,1952,6,2,56.7
David,Avalos,2003,6,25,70.6
Nick,Upton,1989,8,10,79.2
Walter,Venegas,1999,4,23,62.3
Alvin,Morrison,1995,6,21,56.4
Octavio,Hottle,2010,11,15,34.6
Raymond,White,1969,4,3,71.5
Paul,Berry,1994,5,3,71.2
Marvel,Moczo,1963,10,15,70.0
Tracy,Mendez,1992,10,19,66.9
James,Cox,1975,2,15,64.3
Bret,Riggs,1957,11,30,64.9
Janie,Buel,2000,11,1,56.1
Stanley,Brown,2018,9,25,19.4
Carol,Yanes,1953,11,7,80.0
Richard,Ross,1978,9,14,56.8
Andrea,Shackett,1994,6,27,78.5
Alfred,Eagle,2008,9,9,31.5
Judith,Pool,1957,12,17,65.6
Ashley,Cranmer,1991,12,16,65.2
Diane,Matta,2018,8,31,19.5
Linda,Jeffrey,1984,10,15,50.8
Jean,Moore,1994,2,12,57.4
Isabelle,Jones,2000,9,7,73.0
Krystal,Turnquist,2011,4,28,34.4
Carl,Bessick,1998,12,9,73.5
Karen,Camarillo,1982,11,28,68.4
Stella,Mendelson,1956,1,19,51.1
Sandra,Ashburn,1966,5,27,60.1
Annie,Wright,1976,3,21,69.6
William,Kaauamo,1970,1,31,68.5
Marjorie,Rodriguez,1962,12,24,45.3
Timothy,Moody,2010,1,1,37.5
Alice,Villatora,2012,7,26,30.7
Gladys,Carey,2001,11,16,58.0
Herbert,Harper,1964,11,30,77.2
Judith,Day,1951,9,19,64.0
Candice,Warren,1976,1,30,73.3
Euna,Duncan,1966,9,25,51.2
Cristobal,Smith,1953,1,18,78.5
James,Eskola,1958,11,29,57.6
Dianna,Liao,1967,6,5,67.1
Elizabeth,Kader,2001,7,20,53.8
Scott,Tyler,1966,10,26,71.2
Lewis,Miller,1995,4,6,59.9
Pearl,Jones,1964,1,20,65.8
Anne,Gillespie,1958,5,19,65.3
Harold,Moore,1985,6,27,49.4
John,Spencer,2002,2,4,74.3
Fred,Hanson,2005,6,11,59.5
James,Haugh,1961,7,16,50.9
Crystal,Kaczor,2000,4,19,73.8
Jennifer,Ward,1962,3,27,55.3
Joseph,Baumgardner,1970,10,17,50.3
Frederick,Wesolowski,1963,2,27,52.9
Georgia,Wansley,1994,2,2,80.1
Natalie,Ortiz,2008,8,22,77.1
Katrina,Fisher,1951,4,25,70.4
Anna,Quinn,1974,11,22,56.4
Damon,Diaz,2009,4,11,37.6
Geraldine,Bystron,1978,8,23,71.3
Travis,Samson,1987,7,5,51.9
Betty,Stargell,2016,12,5,23.5
Jason,Cortez,2018,11,15,21.3
Richard,Marmerchant,1993,9,11,55.1
George,Montilla,1963,6,13,73.9
Darla,Mays,1984,12,20,69.2
Francisco,Knight,2013,11,29,30.6
Margaret,Russell,1988,7,10,55.9
Rita,Iverson,2006,2,27,65.0
Amanda,Mckinney,2000,8,29,53.5
Lloyd,Hom,1969,10,20,67.4
Dina,Wright,1983,8,11,39.0
Doris,Thomas,2015,4,21,26.7
Jacob,Goldsberry,1956,5,18,41.3
Robert,Clifton,1985,2,14,65.1
Leroy,Keeney,2016,10,12,24.9
Joseph,Harshman,1951,2,10,31.7
Andrea,Buford,2010,6,28,35.4
Christina,Mello,1993,5,2,45.2
Jack,Bartamian,1975,2,2,57.6
Frank,Lee,2016,1,21,25.4
Brenda,Muske,1992,6,19,59.7
Ruby,Hibler,2001,7,4,54.3
Cecilia,Bryant,1979,5,6,55.3
Nancy,Meyer,1987,9,13,58.2
Cornelius,Benjamin,1972,12,30,69.6
Myrtle,King,1958,4,22,57.8
James,Nava,2016,10,9,25.1
Lawrence,Knowlton,1959,11,3,63.0
Evelyn,Drake,1990,4,30,55.7
Christine,Mcmilliam,1969,11,21,63.7
Nichole,Reese,1964,10,30,60.2
Janet,Whitehead,2012,3,4,32.5
Edna,Heard,1971,4,14,69.8
Kimberly,Cox,1977,12,5,81.1
Johnny,Campbell,2013,3,9,30.6
Erica,Ponder,2010,1,2,35.6
William,Brissette,1951,9,15,64.7
Kathleen,Perez,2000,4,30,70.6
Noel,Padula,1955,9,1,51.5
Allen,Brown,2005,12,11,64.5
Danica,Castellanos,1972,5,7,62.5
Sharon,White,2010,3,16,35.0
Carolyn,Corbett,2010,3,5,34.5
Kristine,Casteel,1968,5,5,90.3
Marquis,Guillory,1965,4,18,55.5
Victoria,Paulus,1991,10,30,55.1
Travis,Montoya,2014,2,26,28.6
Joseph,Elliott,1992,10,26,43.8
Jessica,Stone,1991,4,22,56.4
Jonathan,Bailey,2015,4,14,26.9
Russel,Coble,2001,4,17,64.3
Mark,Daniel,2014,3,18,29.7
Jenna,Reeves,1986,11,23,66.9
Kay,Mcdorman,1981,6,24,54.1
Johnie,Jones,1992,3,9,59.3
Minnie,Skelton,2009,2,5,38.5
Edward,Haugen,2020,12,11,16.8
Elizabeth,Germann,1966,3,29,88.4
Michael,Kelly,1983,1,4,63.6
Chris,Moreland,1961,12,3,59.6
Linda,Wilkinson,1979,7,9,85.6
Judy,Murray,1978,6,30,62.9
Thomas,Clark,1964,8,20,60.6
Geraldine,Veer,1957,2,7,61.2
Raymond,Edes,1976,7,2,60.8
Raymundo,Ocasio,1976,7,1,68.0
Abel,Johnson,1956,7,29,81.3
Audrey,Herron,1963,11,8,65.5
William,Napolitano,1978,2,14,61.8
Angel,Hebert,2015,7,1,25.2
Matthew,Otero,1986,5,17,70.9
Shirley,Ostrye,1985,8,21,54.3
Michelle,Wright,1973,9,30,53.7
Connie,Bell,1956,10,5,63.0
George,Tate,1951,9,3,59.9
Karen,Gemmill,2000,3,4,60.5
Melinda,Burnett,2002,7,31,68.8
Delores,Krob,2003,7,17,76.6
Kelly,Adams,1950,7,21,86.3
Mary,Hall,1993,12,20,63.3
Dorothy,Lee,1978,10,6,62.1
Ruby,Malone,2015,10,24,27.4
Melissa,Lowe,1981,2,23,67.1
Audrey,Reay,2000,10,22,56.7
Rosemary,Caldwell,1975,5,29,58.2
Wanda,Emert,1975,11,28,56.0
Treva,Carrara,2016,4,16,26.0
Michael,Moody,2000,1,25,61.9
Margaret,Williams,1983,7,6,77.0
Kathleen,Smith,1983,5,26,55.5
Whitney,Anderson,1979,7,3,58.8
Leah,Smith,1966,1,1,56.0
John,Jackson,1978,5,11,56.5
Larry,Pittman,1959,5,22,72.3
Hayley,Villarreal,1969,12,22,68.6
Jim,Glen,1977,12,2,82.7
Desiree,Massaro,2002,3,22,62.7
Deedee,Middleton,1992,1,29,76.6
Kirk,Olivo,2018,7,15,20.4
Colleen,Staley,1984,9,28,55.3
Angela,Stevens,1958,6,13,58.4
Ryan,Garza,1975,12,12,59.9
George,Montgomery,1957,6,9,62.2
Santos,Waller,2009,7,5,38.6
Cornelia,Flores,2008,7,4,73.3
Lavonda,Osuna,1987,1,3,76.3
Michael,Chavez,1981,10,29,71.1
Mary,Vail,1999,7,30,60.6
Amy,Magers,1980,8,5,75.4
Helen,Chowenhill,1995,6,29,52.4
Ninfa,Drewett,1951,5,31,48.3
Robert,Roman,2010,3,27,36.2
Wilbur,Cote,1995,1,7,63.8
Tim,Cohen,1952,7,23,46.0
Gary,Burke,1993,11,7,71.3
Robert,Prieto,1968,7,17,73.3
Jayne,Martin,1959,7,26,60.2
Paul,Batchelor,2002,1,27,55.2
Alice,Hobby,1970,10,11,65.7
Michael,Longsdorf,1956,11,2,42.6
Daniel,Heiniger,1951,4,9,47.6
Richard,Bouillon,2013,7,11,28.9
Edward,Munoz,1996,10,3,71.2
Charles,Montgomery,1985,2,17,74.2
Alicia,Tornatore,2014,4,6,28.8
Brandon,Robertson,1982,10,9,60.5
Mary,Long,1998,3,14,49.8
Jean,Hamilton,1962,7,4,65.8
James,Mountain,1972,4,26,59.2
Herbert,Salcedo,1996,10,16,87.4
Tracey,Prentice,2017,8,6,23.7
Bradley,Summerville,1983,4,25,61.7
Clara,Barnette,1971,4,26,65.9
Timothy,Perkins,2019,10,29,19.5
Angla,Burke,2007,3,14,72.3
Ellen,Kessinger,1989,5,3,75.5
Barney,Pope,1991,7,12,55.2
Judy,Hopkins,1991,12,23,73.9
Angel,Harris,1973,10,28,74.1
Rafael,Morgan,2017,10,10,23.6
Sarah,Johnson,1985,8,30,55.8
Henry,Oliva,1959,1,2,47.0
Chad,Aragon,2009,1,19,39.0
Sha,Ng,1995,2,8,66.3
Fredrick,Francis,1992,12,10,56.9
Helen,Aguilar,2007,3,10,72.1
Angela,Whitmore,1982,9,12,43.3
Abigail,Stevens,1984,3,3,54.4
Jennifer,Spangler,1987,7,11,70.4
Lena,Vaughn,1953,1,6,65.2
Ashley,Baxter,2006,12,7,63.4
Sidney,Mcgrath,1956,12,21,49.5
Anna,Osborne,1962,6,14,52.3
Larry,Higgins,1952,1,27,61.1
Karla,Martinez,1954,6,23,58.8
Muriel,Kittler,1955,5,11,43.5
Lillian,Morse,2009,5,24,36.4
Carl,Rose,1968,4,30,80.9
Eva,Lewis,1956,2,17,65.1
Joseph,Cortez,1996,10,26,61.7
Patricia,Clinton,1973,12,21,60.2
Felix,Curry,1997,2,16,54.9
Janice,Phu,1998,9,18,63.1
Janine,Smith,1994,10,26,76.6
Julio,Etherington,1981,1,12,60.3
James,Liddell,2006,7,28,67.4
Florence,Britt,1956,2,11,64.5
Hubert,Braxton,1998,4,22,67.4
Stephen,Roeske,1989,5,22,68.5
Shaun,Chavarria,1987,2,28,86.3
Shawanda,Carroll,2008,1,25,60.8
Duane,Hill,2004,3,13,64.0
George,Nelson,1972,2,7,94.2
Donna,Conley,2020,6,24,16.9
John,Prestwich,1989,1,7,61.9
Earl,Black,1969,7,7,53.1
Deborah,Fields,1992,11,13,48.3
Shelton,Mathis,1966,7,25,55.7
Amber,Porter,2003,3,23,77.3
Joseph,Boyles,1967,11,21,62.3
Christopher,Dash,1996,4,12,51.3
Ethel,Miers,1987,3,9,61.7
Annette,Garcia,1997,4,30,43.5
Shayna,Finder,2020,2,15,17.7
Trevor,Sharples,1955,11,30,63.8
Cory,Farrow,1965,5,4,56.1
Carl,Martinez,1988,7,12,66.8
Jamel,Burruss,1978,12,9,56.7
Arnulfo,Harr,2000,9,7,64.6
Michael,Gifford,2005,1,31,61.1
Gwen,Marana,2012,8,2,32.9
Joan,Snyder,1993,3,22,66.9
Matthew,Hunter,2007,3,18,49.5
Annie,Bak,1966,1,29,59.9
Joe,Nast,1983,3,8,83.6
Floyd,Tibbs,2000,11,24,50.4
Sachiko,Velasquez,1991,12,6,48.3
Tina,Huber,1977,5,4,38.7
Beth,Mcmahon,1982,5,16,73.7
Joan,Henderson,1982,1,19,66.1
Charles,Kelly,1971,12,27,49.2
Lynn,Robinson,2009,8,15,36.5
Martin,Ford,1956,9,18,68.0
Rudy,Altizer,1989,9,27,65.7
Shirley,Lyons,2018,2,7,18.3
Susan,Ledwell,2013,5,9,28.5
Joy,Hayden,2005,7,3,60.3
Fidel,Tyree,1970,8,5,59.6
Paul,Short,1969,7,21,65.6
Daniel,Wise,1983,10,30,56.2
Elizabeth,Nelson,2012,10,14,30.3
Antonio,Bridges,2007,6,22,61.6
Harold,Thomas,1987,9,1,62.7
David,Williams,2020,12,16,18.0
Megan,Carney,1971,3,17,54.8
Josephine,Wear,1984,4,28,55.7
Jermaine,Ferguson,2000,9,27,69.3
Micheal,Shade,1954,3,14,73.5
Elizabeth,Goddard,1951,11,27,74.8
Brittany,Dossey,1996,3,24,47.6
Nicholas,Lawson,1995,9,25,67.6
Amber,Samuel,1971,6,30,74.6
John,Moe,1970,5,29,81.4
Nancy,Lewis,2000,4,12,52.7
Joann,Martinez,2016,3,28,25.1
Robert,Mcmahon,1985,7,16,53.3
Nancy,Akbar,1972,10,6,60.8
Kimberly,Jenkins,1963,12,10,36.7
Lauren,Reyes,2001,2,9,68.6
Kenneth,Harney,1957,6,25,66.6
Evelyn,Corona,1997,6,11,66.2
Leona,Eubanks,2005,8,2,72.0
Charles,Kelly,1986,10,17,81.2
Dora,Piper,1968,2,2,60.4
Joseph,Pickett,1953,3,25,60.7
Irene,Ross,1959,9,14,44.8
Erik,Brown,1953,7,15,71.8
Ethel,Lundy,2019,2,11,16.5
Anne,Rutherford,1976,6,13,71.8
Frances,Otero,2019,12,2,19.1
James,Vice,1956,7,8,68.0
Harold,Crockett,2008,12,10,68.9
Jason,Gray,2010,1,16,36.9
Charles,Davis,2017,10,27,20.0
Muriel,Thies,1966,2,2,66.3
Charles,Combs,1988,2,28,52.7
Ivan,Alli,2017,10,23,22.9
Guillermo,Brown,1976,3,29,71.4
James,Delgado,1959,9,8,62.2
Harriet,Sweeney,1966,3,5,64.2
Jeff,Sloan,1952,11,9,61.3
Emma,Ferree,1976,12,31,74.2
Billy,Minton,2014,10,15,28.5
Carey,Numbers,1972,4,30,77.4
Joe,Gomez,1968,9,28,58.7
Harvey,Lue,1992,6,2,88.3
Frederick,Coleman,2000,7,11,53.4
Christine,Brady,2012,9,21,33.2
Loren,Quinn,1978,7,19,62.7
Arthur,Herman,1993,3,3,53.4
Jack,Magelssen,1953,4,22,70.5
Donald,Shibuya,2013,9,28,31.6
Holly,Cross,1968,8,6,73.0
Norman,Baum,1960,11,28,47.4
Mark,Johnson,1959,1,31,54.8
Irene,Teel,2000,12,22,56.7
Ted,Lipscomb,1981,5,13,71.1
Lidia,Bishop,1969,5,3,77.2
Andrea,Heckman,1960,7,8,58.2
Patrick,Stanger,2001,7,19,80.5
Eboni,Fantasia,1977,7,15,55.1
Mary,Peters,1957,7,18,59.5
Timothy,Ryan,2015,10,16,26.0
Jasmine,Robinson,2018,4,28,21.2
Patricia,Morse,1994,9,2,68.6
Estelle,Cardenas,1973,8,10,68.6
Margaret,Cornelius,1979,4,28,61.0
Buster,Menz,1953,2,25,57.6
Shiela,Dudley,1994,1,31,61.5
Betty,Jennings,2010,8,22,34.8
Stephany,Molina,1992,10,26,65.3
Denisse,Higgins,2018,10,26,18.8
Travis,Tomlinson,1979,11,8,61.0
Janice,Mooney,1984,3,28,61.8
Amy,Wilson,1959,4,11,56.8
Peggy,Esquibel,2012,5,7,31.9
Joaquin,Cupp,1995,2,9,58.5
Joe,Hudson,1963,2,5,80.6
Lavern,Frisby,1961,8,17,46.6
Marilyn,Peterson,1983,1,8,64.6
Joseph,Ragsdale,2002,1,17,66.9
Marta,Hwang,2004,10,26,51.1
Kimberly,Thompson,2015,1,12,24.6
Ellen,Rivera,2007,12,17,52.6
Sallie,Cisneros,2001,8,15,64.1
Sally,Gilpin,2010,3,22,36.2
Frederick,Hall,1996,7,5,65.1
Geoffrey,Chandler,1979,6,16,62.1
Dennis,Oliver,1981,9,2,79.0
Georgia,Brown,1960,8,1,76.1
Lynne,Nedley,1972,7,10,58.3
Therese,Comstock,1998,7,8,79.2
Timothy,Guy,1981,2,16,55.8
Matthew,Ditman,2008,10,30,64.0
Kenneth,Wolpert,2017,10,5,22.2
Catherine,Bakken,2015,9,1,24.3
Joann,Garrett,2018,3,29,21.3
Robert,Nava,1978,7,3,56.5
Eugene,Thompson,2014,11,13,28.9
Steve,Loven,1998,12,1,75.1
Christopher,Gaston,1957,8,25,66.6
Margie,Molloy,1995,7,22,72.4
Steven,Kerr,1978,8,27,53.3
Barbara,Bryant,1999,3,27,61.7
Johnny,Mccollough,1957,8,3,63.9
Jerry,Pfau,1963,10,18,59.0
Clinton,Teran,1954,4,25,44.8
Charlotte,Varner,1963,3,12,67.3
Faye,Pecora,2017,6,23,23.8
Ruby,Mckenzie,2020,10,16,17.5
Ray,Sellers,1993,11,14,65.6
Vicky,Bundage,1988,11,1,75.3
Deborah,Wade,1951,3,23,66.6
Michael,Avery,2000,9,8,55.6
Marilyn,Frazier,1991,6,20,61.7
Travis,Stauffer,1953,5,2,72.8
Rhonda,Wright,1959,2,4,54.3
George,Hise,2019,10,10,16.8
Toni,Truax,1987,1,18,64.6
Craig,Lenters,1961,10,6,57.9
Penney,Greenwood,2003,3,19,73.2
Abraham,Campbell,1971,2,10,51.3
Raymond,Segarra,1962,9,26,72.1
Lloyd,Cartwright,2004,12,21,46.6
Alex,Guillory,1976,3,17,55.5
Leigh,Wayne,2012,2,27,30.6
Sally,Charpia,1952,9,24,57.3
Jason,Teeter,2003,4,15,89.4
Nathan,Arndt,1953,2,27,74.1
Kathy,Carter,1990,12,19,88.6
Joseph,Kemp,1979,8,3,66.1
Victor,Schneider,1978,4,28,56.0
Veronica,Cochran,2003,11,13,65.3
Bryan,Fleming,1967,5,2,58.2
Willie,Barden,2010,11,4,35.6
Robert,Martin,1954,6,25,66.2
Joanne,Cotton,1995,4,20,65.1
Oma,Perrodin,1953,8,28,61.4
William,Grant,1976,9,24,53.4
Susan,Oakes,2002,12,23,48.6
Jean,Lutz,1964,6,5,69.0
Jessie,Matthew,1976,3,21,55.4
Joe,Jameson,1994,11,19,65.9
Gerald,Jones,2014,6,14,29.5
Carol,Stanton,1952,10,7,57.2
Jeffrey,Gump,1970,3,31,60.9
Eddie,Bento,1968,4,19,32.8
John,Cabrera,1971,2,18,67.6
Erin,Hill,1961,9,5,54.1
Joan,Roland,1988,6,21,57.8
Christopher,Graves,2013,10,20,30.9
Shannon,Green,2001,1,9,64.3
Daniel,Feliciano,1984,9,16,52.0
Arminda,Richardson,1995,10,21,61.2
Alicia,Willis,1975,2,25,73.5
Faye,Ezzell,1995,12,24,56.3
Kimberly,Mitchell,1958,11,12,76.1
Augustine,Lemke,1958,12,2,65.2
Amanda,Gillan,1958,5,14,55.7
Tony,Ephraim,1986,2,25,67.9
Michel,Acosta,1992,12,7,72.6
Joseph,Gray,1982,10,25,50.9
Wanda,Watson,2002,5,6,62.4
Ida,Sanders,1966,4,14,66.6
Darlene,Frazier,1981,3,3,72.0
Angela,Hull,2014,12,12,28.3
Gloria,Vang,1995,8,2,58.9
Joann,Romero,1986,8,15,37.3
Cheryl,Canales,1958,4,18,56.3
Brian,Douglas,2017,2,8,23.6
Lisa,Adams,1991,1,3,58.8
Jack,Cavitt,1959,6,6,70.3
Aaron,Villegas,2019,6,28,16.8
Richard,Leonard,1960,1,28,59.4
Danielle,Liu,1953,4,28,46.5
Ann,Mcbride,2004,7,27,65.1
Ronald,Domingues,1960,12,11,60.2
Christina,Thomas,1994,5,21,75.5
Kathleen,Cardwell,1997,10,31,54.6
Velma,Sheets,1992,5,22,63.1
Michelle,Cole,2003,12,28,45.3
Rose,Jolley,2007,3,2,53.5
Brenda,Owen,2004,12,24,73.5
Diane,Hessler,2013,4,24,30.6
Micah,Budreau,1995,4,9,69.5
Goldie,Burke,1957,10,3,77.9
Vicki,Jennings,1952,4,6,64.1
Katherine,Tillman,2020,4,16,18.0
Robert,Wallace,1997,3,25,60.6
Doris,Neaves,1994,4,15,62.4
Patricia,Campbell,1973,4,21,50.5
Nicholas,Recker,1989,6,19,54.1
Nancy,Reed,1989,4,12,69.6
Nicholas,Buckley,1986,6,7,62.8
Katharine,Dennis,1982,1,17,70.4
David,Winton,2014,3,29,28.6
Johnny,Mcknight,2009,8,20,36.1
Willie,Kennedy,1951,2,17,53.1
Cory,Zinn,1993,5,11,46.2
James,To,1987,2,18,78.4
Joseph,Anderson,1997,2,10,66.2
Billy,Mcculloch,2001,4,13,74.3
Kelly,Mccorkle,2018,12,28,22.0
Janice,Vernon,1959,2,21,75.8
Randal,Remmers,1950,1,20,79.6
Joel,Huddleston,1973,7,8,65.3
Louis,Nelson,1957,9,11,80.9
Nina,Mendes,1975,4,10,55.0
Gerald,Bradley,2008,12,1,64.8
Mary,Edwards,1989,10,31,54.3
Robert,Srinvasan,1983,3,22,52.5
Marina,Sanderson,2001,7,3,73.5
Samuel,Bushey,1988,10,12,71.4
Becky,Jimenez,1972,8,15,55.7
Sophia,Artiaga,1981,4,30,60.4
Michele,Best,2009,11,3,37.3
Russell,Messer,2020,2,3,14.8
Suzanne,Damon,1977,10,4,73.5
Tamie,Coats,1973,1,21,63.0
Michelle,Haslett,2003,10,30,71.2
Blaine,Martin,1967,7,15,49.4
Brant,Alexandre,1974,9,20,49.5
Marsha,Lantz,2018,12,29,21.5
Alberto,Vance,1982,11,15,57.2
Kelli,Larue,1988,4,2,64.8
Paul,Hunnell,1981,6,1,76.4
Emma,Scheffler,2009,5,7,39.4
Margaret,Bourne,2008,9,1,56.1
Guy,Matzke,2019,9,5,18.8
Rafael,Hobgood,1954,7,4,54.7
Ruth,Adon,2015,2,2,25.7
Jasmine,Cook,2017,6,8,20.1
Mai,Vance,1976,6,10,79.1
Sherry,Ness,1994,6,29,64.9
Lucille,Lee,1982,10,8,49.8
Ruby,Babel,2008,5,1,72.1
Dale,Ohara,1999,9,22,60.8
David,Dery,1990,4,8,80.3
Sandra,Kelly,1965,6,22,55.9
Rebekah,Brown,2007,9,4,87.9
Marsha,Carpenter,1965,5,2,73.9
Gregory,Becker,1966,9,28,71.3
Debra,Paul,2014,5,17,29.0
Albert,Jones,2013,6,16,28.4
Geoffrey,Demarest,1963,7,11,57.2
Johnny,Sharp,2015,9,18,28.0
John,Jubilee,1992,3,19,37.2
Cindy,Washington,1970,6,2,57.4
Paula,Ferguson,2010,2,5,35.5
Barbara,Lakey,1984,1,5,54.4
Michael,Wyss,1951,2,25,62.0
Andrew,Carr,1976,4,3,82.8
Shirley,Kintzel,1953,10,3,67.0
Warren,Mendoza,1988,3,14,48.5
Patrick,Hatch,1996,5,25,63.3
Gerri,Hill,1986,1,24,66.9
Willie,Boyd,2014,2,10,29.9
Wesley,Douglas,2004,6,16,66.8
Harold,Wilson,1977,11,16,76.9
Maria,Yokota,1989,5,25,59.8
Roy,Laffey,1962,6,13,58.7
Irma,Book,1989,9,17,50.2
Tina,Eldred,2018,2,6,19.4
Dustin,Beauchemin,1957,7,2,45.7
Louis,Sieracki,1971,8,15,68.2
George,Voight,2004,3,23,65.9
Mary,Weaver,2011,5,17,32.3
Gerald,Hayne,1993,10,6,48.9
Monica,Childs,1977,3,3,74.7
Yajaira,Evans,1990,5,27,66.0
Wanda,Ott,2008,4,25,66.1
Rebecca,Ferguson,1994,11,8,60.6
Daniel,Manzanarez,2011,12,31,35.2
Maria,Johnson,1980,11,25,73.8
Laura,Fyall,1994,11,1,66.7
John,Mason,2010,7,3,37.5
Kevin,Espinoza,1956,6,11,68.5
Amber,Graham,2003,4,30,73.1
Joan,Brown,1966,11,1,46.1
Lucille,Nichols,1974,2,14,72.9
Francisca,Cerullo,1950,4,29,68.8
Alice,Washington,1960,10,24,55.0
Richard,Allen,1951,1,30,61.3
Crystal,Mckenna,2002,10,1,77.5
John,Bradley,1986,2,24,74.9
Daniel,Painter,1965,6,16,51.7
Nicholas,Currin,1967,10,14,60.7
Ryan,Gregory,1988,8,13,73.4
Beatrice,Lehman,1980,11,7,75.0
Calvin,Marshall,2015,5,2,26.5
Brett,Morrison,1951,10,23,81.6
Robert,Mcgee,1967,9,28,43.3
John,Landry,1988,5,24,46.4
Ben,Yankey,1965,2,21,63.0
David,Schwartz,1950,4,7,65.9
Jerry,Radsky,1959,6,13,47.9
John,Davis,1990,11,27,78.7
Alton,Hicks,1981,3,11,63.8
Dolores,Bryant,1977,11,5,59.1
Arthur,Littlejohn,1997,9,18,65.9
Manuel,Russell,2007,7,26,60.4
Roman,Murphy,2018,8,9,19.0
Toby,Corbin,1994,2,28,48.3
John,Clark,2002,7,19,50.3
Steven,Webb,2011,9,29,36.0
Kara,Mclaine,1988,3,3,65.3
Rose,Sousa,1960,2,16,53.1
Yun,Fogg,1996,8,3,49.8
Israel,Dinham,1988,9,2,50.2
Dennis,Martin,2016,9,23,24.6
Richard,Wilson,2019,12,3,17.8
Shirley,Dilworth,2000,7,3,46.8
Jane,Gerald,1998,10,27,68.4
Lawrence,Craft,1994,5,26,59.6
Donna,Parkinson,1951,10,2,60.3
Nicholas,Hoyt,1978,5,30,87.1
Arthur,Placha,1973,5,17,72.5
Michael,Walton,1980,6,10,62.6
Nichole,Lewis,1973,3,14,83.6
Keith,Morrone,1951,12,9,49.3
James,Blevins,1956,3,21,59.7
Linda,Antoniou,2002,12,7,64.4
Ruben,Bruss,1999,9,23,78.1
Marcia,Minchew,1979,10,18,50.9
Sean,Carr,1993,2,8,63.5
Paula,Williams,1996,9,5,70.6
Thomas,Rodriguez,1985,4,27,62.0
Andrea,Spencer,2005,5,6,73.0
Erica,Franz,1975,11,26,60.0
Charles,Mahood,1972,8,29,60.1
Lloyd,Sears,1970,11,30,52.8
Celestine,Cobbins,2020,11,24,15.6
Mae,Duron,2009,12,11,38.9
Ella,Sutherland,1993,10,14,76.8
Roland,Fishback,2009,1,31,36.3
Jennifer,Bledsoe,1951,11,13,51.4
Gracie,Gregory,1994,4,1,66.8
Doris,Rolon,1963,7,10,72.6
Jeannette,Cook,1978,3,4,62.6
Tyler,Shon,2009,6,14,37.5
William,Leather,1997,3,11,48.1
Valeri,Avery,1958,12,14,68.3
Brenton,Chittenden,1952,8,5,56.7
Virginia,Mentz,1986,6,12,54.2
Jessica,Mendieta,2008,5,28,64.7
Christine,Belew,1970,2,10,46.5
Joyce,Hite,1958,3,7,67.3
Thomas,Olives,1987,1,24,68.5
Charles,Brink,1991,12,11,45.1
Maude,Turner,1967,10,18,68.3
Delores,Crenshaw,1988,11,26,66.0
Nicole,Ali,1952,8,21,49.1
Matthew,Alexander,2009,9,17,36.5
Tyrone,Holohan,1984,9,22,60.6
Bryan,Black,1957,3,18,66.9
Jennifer,Snyder,2006,11,1,68.2
George,Myers,2020,10,1,14.7
Sylvia,Rumberger,1974,12,29,51.1
Arlene,Taylor,1951,6,8,52.3
Zachary,Riggs,1978,7,26,61.4
Glen,Foltz,1998,2,6,72.6
Jane,Stegman,1966,5,12,53.5
Ashley,White,1951,4,9,62.3
Patrick,Willis,2005,6,19,61.9
Donald,Becwar,1953,2,12,77.3
Brian,Pettit,1972,8,5,58.3
Erin,Clark,1973,9,9,58.5
Donna,Browder,2009,8,1,37.6
George,Williams,1954,5,10,72.5
William,Brown,1979,1,26,57.6
Jerome,Hart,1971,1,3,63.2
Melvin,Edwards,1959,12,1,76.9
Vivian,Wilson,1981,10,14,65.1
Charles,Friedle,1975,9,1,85.1
Margaret,Alexander,1986,12,4,64.8
Manuel,Bridges,2005,4,27,36.1
Callie,Rosel,1951,11,11,74.1
Monica,Newton,1971,1,11,60.1
George,Mccown,1992,8,1,62.6
Joan,Sleiman,2006,8,1,84.3
Paul,Dunn,1950,9,16,53.5
Charles,Mendez,1970,10,26,82.0
Stewart,Mccane,1963,12,12,54.5
Richard,Ridgeway,2007,10,25,70.1
Daniel,Cass,1981,10,8,68.1
Pedro,Jost,2008,5,7,59.2
Preston,Numbers,2007,5,1,71.3
Laura,Reagan,1990,6,4,57.6
Clarence,Cain,1975,9,24,54.9
Billy,Hurst,1998,9,15,73.9
Enid,Lummus,1987,1,3,57.7
Eleanor,Daly,1951,10,2,64.0
Brian,Korol,2017,9,22,23.1
Max,Wells,1986,12,1,61.5
Raymond,Hudson,2018,1,31,19.1
Tanya,Phelps,2011,3,31,32.8
Catharine,Holmes,2008,3,27,47.7
Raymond,Pickle,1974,10,21,80.5
Dennis,Hurrell,1985,1,16,58.8
Nicole,Carter,1953,12,23,63.9
Wayne,Watkins,2011,4,22,35.0
William,Spencer,1953,1,10,68.3
Lana,Xaimoungkhoun,1971,10,7,76.8
Christine,Francois,2009,12,24,36.0
Rose,Dunkin,1963,3,21,67.1
Jose,Mendez,1979,7,6,52.7
Melanie,Lang,2008,11,14,64.4
Clifford,Richter,2001,4,17,82.0
Douglas,Peltier,1999,9,14,61.0
Karen,Turner,1991,11,15,54.0
Elizabeth,Lowder,1999,10,2,78.3
Christopher,Fox,1961,9,29,61.1
Crystal,Torres,1989,11,5,70.8
Laverne,Richardson,1957,7,14,76.1
David,Weske,1987,7,10,63.4
Andrew,Burkhart,2004,5,25,61.9
Luann,Crow,2010,10,22,36.4
Allen,Ruis,1957,11,19,55.4
Susan,Thomas,1997,1,13,56.2
Alan,Ma,1974,7,10,47.9
Olive,Smedley,2007,9,29,58.2
Shirley,Shulz,1970,11,22,54.5
Lynn,Schnakenberg,2013,12,28,28.1
Sheila,Norris,1982,8,4,63.5
Meredith,Johnson,1958,4,2,47.7
Joel,Blume,1952,5,22,58.9
Geoffrey,Holt,1971,1,15,60.0
William,Harris,1983,8,26,56.5
John,Dunlap,1951,11,8,60.4
Paul,Christensen,1996,10,31,48.6
Marsha,Rodriguez,1978,9,12,81.2
Kathleen,Quinn,2002,7,9,57.3
Sue,Thomas,1972,8,2,62.6
Mary,Calogero,2009,4,2,37.2
Gail,Champine,1996,11,25,57.6
Rebecca,Scribner,1970,6,17,58.8
Lindsay,Morgan,1976,8,8,69.0
Kristel,Brisco,2016,6,19,24.8
Robert,Long,2009,10,4,38.7
Allie,Miller,1966,4,8,79.5
Jamie,Morrissette,1951,4,28,56.6
Rosa,Brundidge,1986,4,26,73.3
Traci,Wilson,2004,3,6,48.6
Brooke,Stooks,2019,9,8,16.0
Richard,Vargo,1974,11,12,46.0
Lorna,Bruce,1960,11,24,55.3
Xiomara,Derry,1970,3,6,75.1
Gina,Mckay,1972,12,22,57.1
George,Anderson,1981,7,13,59.3
Elizabeth,Niece,1964,4,10,60.7
Brittny,Moquin,2000,5,14,74.6
Edgar,Gagne,1958,2,9,53.0
Alan,Allen,2017,6,9,21.6
Charles,Nicholson,2009,7,14,37.5
Cynthia,Atwell,1995,5,8,72.0
Jeff,Vandemark,1972,5,17,88.3
Christopher,Duckworth,1989,1,23,56.6
James,Forrest,1968,12,16,50.4
Susie,Helfrich,1972,7,31,57.5
Leslie,Blanco,1977,11,23,56.0
Gloria,Murray,1965,10,2,59.0
Eleanor,Phillips,1951,12,6,57.5
Tori,Tessier,2015,1,26,26.5
Karen,Parks,1954,4,1,59.5
Ronald,Steele,1990,1,12,55.5
Ellen,Porter,2009,11,12,38.2
Stanley,Jackson,1998,12,31,73.9
Ken,Clarke,1957,2,7,66.3
Debra,Piles,2019,2,22,19.5
Gene,Lombardi,1955,3,28,64.1
James,Brehm,2019,11,20,18.3
Jason,Trejo,2001,9,14,66.9
Melissa,Hathaway,2011,6,29,34.3
Catherine,Canary,1989,4,1,70.6
Kara,Baker,1961,4,13,56.4
Carl,Medina,1952,7,9,60.0
Amy,Howard,1970,12,19,57.9
Sharron,Raven,1997,6,24,73.3
Lynn,Reeves,2014,4,15,26.6
Steven,Kent,1956,9,15,62.2
Maxine,Collinson,1985,5,19,74.4
Bob,Brandwein,1954,10,25,48.1
Doyle,Lavoie,1994,7,29,57.1
Spencer,Mcadory,1991,1,22,69.2
James,Lanier,1957,1,21,75.8
Pam,Green,1960,5,5,72.9
Ruth,Medina,1987,11,30,71.3
Freddie,Walker,1964,8,14,66.4
Ann,Duncan,1975,12,17,63.4
Harold,Rundle,1995,10,8,41.6
Lynne,Maddock,1961,2,6,55.8
Charles,Watson,2000,7,28,62.1
Ronald,Matthews,1951,12,11,65.5
Claudia,Buckner,1962,1,27,75.5
John,Smith,2012,8,16,31.4
Richard,Bazin,1983,8,3,81.7
Roland,Greene,1994,11,1,63.2
Lauren,Mccleary,1955,9,20,76.0
Larry,Chavis,2014,1,25,26.9
Howard,Gomes,1951,10,12,80.3
Gerald,Moore,1991,5,26,51.1
Charles,Ash,1968,11,17,78.4
Roma,Miller,1953,5,19,44.6
Josephine,Leary,1973,8,18,72.5
John,Coulter,1996,3,29,62.1
Cory,Rabe,1954,4,25,69.5
Roman,Willis,2014,2,15,27.2
Toni,Benton,2015,10,23,27.8
Pamela,Peterson,2018,9,8,19.6
Valeria,Sanders,2005,10,12,84.0
Mollie,Anselmo,1962,6,19,67.5
Joanne,Green,2019,11,3,16.4
Eva,Windley,2009,7,9,39.9
Alan,Deal,1952,8,4,66.7
Rebecca,Baker,1981,3,7,57.8
Gale,Fernandes,1957,11,11,67.1
Bonnie,Davis,1990,7,27,80.4
Johnathan,Haynes,1962,9,2,66.3
Gloria,Moody,1969,5,26,63.4
Matthew,Campbell,1952,2,22,52.9
Patricia,Cruz,1975,6,17,76.7
Peter,Blaine,1960,9,13,44.0
Barbara,Lamkin,1996,6,5,64.5
Norman,Culhane,1954,12,15,67.1
John,Morton,1998,7,27,53.7
Harry,Carpenter,1958,5,25,67.6
James,Swanson,2008,5,15,54.4
Haley,Jones,1995,11,16,79.6
Linda,Campos,1951,4,27,56.4
Eugene,Wilson,1953,10,28,70.5
Fletcher,Anderson,2014,11,26,26.4
Linda,Tiemann,2013,12,31,31.7
Geraldine,Chapman,1996,2,1,47.4
Erica,Goatley,1962,12,13,58.2
Samuel,Maciejewski,1990,7,11,59.0
Eduardo,Dickson,1956,3,23,77.0
Joseph,Sacarello,1971,3,6,65.9
Debra,Baker,2004,2,19,69.9
Raquel,Watts,2003,12,28,49.6
Vera,Pacheco,1988,10,18,50.8
Brenda,Garrison,2017,5,29,22.9
Joann,Carraway,1994,9,10,68.8
Kathleen,Rose,2010,8,28,35.9
James,Archer,1983,7,13,59.7
Grace,Mccutcheon,1993,7,12,78.3
Larry,Graham,1965,4,16,74.4
Barbara,Shuttleworth,2010,5,22,36.8
Ernest,Wells,1975,7,13,57.5
Adan,Brown,1958,6,14,68.9
Cynthia,Monk,1983,7,19,72.0
Janine,Yetter,1965,12,21,63.5
Maureen,Steward,1983,6,1,71.4
Ethel,Akkerman,2018,5,25,21.7
Jessica,Finnefrock,1985,11,18,71.4
Jimmy,Dean,1951,11,27,49.6
Stephen,Jones,2012,6,22,31.3
Stephanie,Small,2002,7,5,76.1
Kenneth,Rodriguez,2014,4,2,29.2
Douglas,Sayers,1987,11,21,58.7
Phillip,Rice,1951,3,4,67.4
Mandi,See,1997,10,27,65.8
Angela,Lyons,1988,3,11,77.8
Mary,Upchurch,2008,5,3,55.6
Carleen,Murphy,2005,1,10,50.8
Barbara,Barrera,1958,9,1,72.8
George,Dion,2005,12,20,69.3
Danielle,Holly,2019,5,27,16.4
Linda,Lindgren,1960,5,18,80.5
Margaret,Hernandez,2004,12,15,44.0
Jesus,Serenil,1972,8,27,59.6
Mary,Mathis,1978,9,12,55.8
Glenn,Backstrom,1979,8,23,38.0
Roxanne,Tuttle,1997,11,2,84.3
Willis,Paulsen,1999,7,2,59.4
Elizabeth,Hill,1988,9,13,58.6
Lisa,Guevara,1970,8,19,62.7
Madeline,Edge,1957,12,14,65.6
Timothy,Key,2012,6,16,33.9
Mark,Palasik,1950,11,16,43.2
Warren,Andrews,1996,5,24,60.1
Heidi,Andrews,2017,11,29,23.5
Kelly,Wells,2013,4,26,29.4
Marc,Richter,1986,3,7,62.8
Phyllis,Spaulding,2011,9,22,33.3
Elsie,Powell,1995,10,24,48.0
Zola,Polk,1998,12,26,72.7
Ora,Vinroe,1977,12,12,65.4
Ferne,Crawford,1985,6,10,58.6
Joshua,Seawood,1959,7,28,67.3
Erik,Rodriguez,1960,8,16,54.6
Virginia,Mccord,2007,4,4,64.3
Kenneth,Ferrera,1988,8,17,83.0
Linda,Sharp,1988,7,3,58.4
Melissa,Walker,2003,9,29,63.0
Hae,Garner,2013,2,19,29.0
Evelyn,Landrum,1953,7,20,54.6
Petrina,Palmer,1991,7,3,59.0
Julia,Balzer,1996,6,6,70.8
Alice,Siegal,1973,7,1,63.0
Nancy,Knox,1993,6,22,57.0
Karen,Beveridge,1987,2,22,61.1
Stephen,Golden,1988,11,6,55.3
Cary,Oliver,1958,5,8,46.7
Grace,Mcdonough,1973,5,17,57.6
Richard,Guimond,1988,4,26,69.4
Nicole,Lee,1958,7,23,69.4
Jimmy,Thompson,2019,6,3,19.7
David,Alamo,1984,7,18,52.3
Joseph,Warren,1990,8,5,64.3
Jennifer,Becker,1978,1,11,76.2
Jason,George,2018,2,26,18.1
Lauren,Beltran,1994,10,17,82.3
John,Mcentee,1974,3,18,51.6
Lillian,Barbrick,1995,11,8,66.8
Ernest,Saunders,1974,4,19,63.5
John,Price,2002,7,29,73.0
Joshua,Williams,1983,6,26,62.3
Kimberly,Williams,1956,6,22,70.0
Carole,Barringer,1989,5,29,50.7
Jennifer,Humble,1951,5,1,52.1
Jonathon,Cotton,1962,9,2,83.9
Paul,Pendleton,2020,11,13,17.1
Fannie,Townson,2003,12,4,50.9
Shanna,Folk,1976,10,8,64.3
Mark,Grover,2018,11,3,21.0
Debra,Staples,1978,12,24,60.9
Davina,Schofield,1995,9,29,85.2
Frances,Eglinton,1970,12,9,55.5
Tawanda,Good,2001,8,14,63.3
Eric,Jennings,1950,1,12,68.6
Don,Whitehead,1986,8,20,56.6
Weldon,Brown,1972,5,10,47.1
Sheila,Hibbs,1959,4,15,80.9
Homer,Walker,1954,4,6,58.8
William,Campbell,1976,1,10,49.1
Nicole,Evans,1981,8,6,52.6
Bessie,Jones,2011,7,2,32.1
Curtis,Vargas,1957,12,22,63.5
Mary,Nash,2012,8,25,32.2
Matthew,Ross,2010,9,18,37.5
Elizabeth,Foote,1969,8,6,54.8
Roy,Ford,1951,1,19,56.8
Arnold,Miller,2008,12,16,49.3
Eva,Corr,2006,1,25,64.7
Timothy,Conrad,2003,9,29,59.6
Melvin,Thomas,1965,2,22,47.9
Inez,Olds,1957,12,6,73.1
Marian,Imig,1968,11,23,73.6
Jack,Chavez,1992,12,1,57.5
John,Nieves,2003,3,19,66.8
Jeffrey,Benton,1954,8,24,59.0
Michael,Finney,2005,11,13,57.9
Kelly,Morgan,2016,2,14,22.4
Tara,York,1968,3,1,60.4
Wayne,Villescas,1976,4,10,77.8
Beverly,Aversano,1979,5,31,68.8
Linda,Elston,1975,4,29,65.4
Laura,Baltz,2009,8,14,37.0
Lonnie,Patterson,1976,9,15,49.6
William,Denman,2006,4,21,51.5
Kristi,Brown,2008,12,14,68.0
Pedro,Mancuso,2016,9,23,24.4
George,Kirby,2013,5,14,28.7
Virginia,Legore,2020,3,26,15.6
Esther,Harden,2009,1,5,37.0
Lyndsay,Eck,1950,10,24,66.0
Sheila,Foust,1954,5,3,62.7
Renee,Wright,1985,2,4,40.5
Anthony,Gingrich,1986,5,15,63.7
Michael,Riggins,1978,9,3,62.3
Vance,Vazquez,2017,2,6,21.0
Loretta,Osterhout,2016,12,26,22.5
Brandon,Brouillet,2000,12,13,63.5
Richard,Carr,1956,5,9,88.5
Milton,Gribble,1958,12,13,60.0
Nicole,Crook,1958,12,21,65.8
Edith,George,1972,8,7,40.9
Clarence,Hopkins,1996,7,25,74.4
Mike,Pena,2004,9,22,76.7
Neoma,Kirk,2002,3,12,48.0
Willetta,Armstrong,1974,12,7,67.2
Abraham,Olivarez,2013,4,8,28.9
Juana,Lewis,2000,3,1,67.6
Robert,Davidson,1983,8,3,46.2
Herbert,Keirnan,1986,8,14,57.6
Michael,Vaughan,2001,3,12,60.5
Michael,Price,1962,3,9,48.1
Jeri,Cash,1983,8,1,64.8
Chet,Nelson,2017,10,18,20.9
Larry,Johnson,2009,9,16,39.8
Jason,Finwall,2012,7,4,30.2
Jay,Schoderbek,2008,1,15,51.7
Daniel,Williams,2014,10,14,28.0
Betty,Davis,1988,2,20,63.7
Tamara,Lane,1974,11,2,51.3
